test,params,ticks_per_sec,ns_per_tick,ns_per_node_tick,overhead_pct
TC-01,depth=10,26620.9,37564.4,3756.44,0
TC-01,depth=100,1985.95,503538,5035.38,0
TC-01,depth=1000,194.72,5.13559e+06,5135.59,0
TC-02,regs=10,571396,1750.1,175.01,0
TC-02,regs=100,588487,1699.27,16.9927,0
TC-02,regs=1000,282719,3537.09,3.53708,0
TC-04,signals=100,58265.2,17162.9,0,170.431
TC-06,nodes=1000,114691,8719.09,0,1.61867
